<hibernate-configuration>   
    <session-factory>       <!-- JDBC Database connection settings -->        <property name="connection.driver_class">
        com.mysql.cj.jdbc.Driver</property>        <property name="connection.url">jdbc:h2:mem:testdb</property> 
              <property name="connection.username">sa</property>        <property name="connection.password"> 
        </property>        <!-- JDBC connection pool settings ... using built-in test pool -->        <property
                name="connection.pool_size">10
        </property>        <!-- Select our SQL dialect -->        <property name="dialect">
            org.hibernate.dialect.MySQL8Dialect</property>        <property name="org.hibernate.flushMode">COMMIT
        </property>        <!--drop table if exist-->      
         <!--        <property name="hibernate.hbm2ddl.auto">create</property>-->        <property
                name="hibernate.hbm2ddl.auto">update
        </property>        <!-- Echo the SQL to stdout -->        <property name="current_session_context_class">thread 
                 
        </property>        <!-- dbcp connection pool configuration -->        <property
                name="hibernate.dbcp.initialSize">5</property>        <property name="hibernate.dbcp.maxTotal">
            20</property>        <property name="hibernate.dbcp.maxIdle">10</property>        <property
                name="hibernate.dbcp.minIdle">5</property>        <property name="hibernate.dbcp.maxWaitMillis">
            -1</property>       <mapping class="package com.example.demo.StoreImageData"/>       <mapping 
    </session-factory>
</hibernate-configuration>